##[["GX taxonomy analysis report", 3, 1], {"git-rev": "v0.5.5-9-gfc836c1", "run-date": "Fri Aug 21 21:53:04 2026", "db": {"build-date": "2023-01-24", "seqs": 3025824, "Gbp": 709.264}, "run-info": {"agg-cvg": 0.726714, "asserted-div": "prst:monads", "inferred-primary-divs": ["prst:monads"], "corrected-primary-divs": ["prst:monads"], "genome-hash": "d2686b7526d7c355"}}]
#seq-id	seq-len	(xp,lc,co,n,mt,pt,pm)-len	cvg-by-all	sep1	tax-name-1	tax-id-1	div-1	cvg-by-div-1	cvg-by-tax-1	score-1	sep2	tax-id-2	div-2	cvg-by-div-2	cvg-by-tax-2	score-2	sep3	tax-id-3	div-3	cvg-by-div-3	cvg-by-tax-3	score-3	sep4	tax-id-4	div-4	cvg-by-div-4	cvg-by-tax-4	score-4	sep5	reserved	result	div	div_pct_cvg
contig_100	2194072	706962,19256,940,0,0,0,0	1783747	|	Trichomonas tenax	43075	prst:monads	1769824	1507639	8566	|	56777	prst:monads	1769824	946496	2446	|	1144522	prst:protists	59634	31866	294	|	135588	prst:protists	59634	30050	237	|	n/a	primary-div	prst:monads	81
contig_102	1372907	509941,18706,3080,0,0,0,0	1117616	|	Trichomonas tenax	43075	prst:monads	1104133	922543	6494	|	56777	prst:monads	1104133	389342	1624	|	1144522	prst:protists	42558	25360	286	|	135588	prst:protists	42558	20346	217	|	n/a	primary-div	prst:monads	80
contig_103	2475868	1081135,9752,1220,0,0,0,0	1854341	|	Trichomonas tenax	43075	prst:monads	1836577	1561958	8416	|	56777	prst:monads	1836577	724452	2227	|	1144522	prst:protists	63939	38115	325	|	135588	prst:protists	63939	36765	288	|	n/a	primary-div	prst:monads	74
contig_106	2392315	768019,9961,5020,0,0,0,0	1903401	|	Trichomonas tenax	43075	prst:monads	1882505	1740967	8978	|	56777	prst:monads	1882505	689103	2144	|	1144522	prst:protists	73168	42526	384	|	135588	prst:protists	73168	42427	353	|	n/a	primary-div	prst:monads	79
contig_107	397952	228015,2299,1140,0,0,0,0	244742	|	Trichomonas tenax	43075	prst:monads	235180	167976	2783	|	56777	prst:monads	235180	76334	659	|	42254	anml:mammals	6001	4664	88	|	88015	anml:crustaceans	5294	2726	59	|	n/a	primary-div	prst:monads	59
contig_108	437150	296802,4282,240,0,0,0,0	244237	|	Trichomonas tenax	43075	prst:monads	235928	185862	2800	|	56777	prst:monads	235928	73590	692	|	135588	prst:protists	7494	5863	109	|	1144522	prst:protists	7494	1631	72	|	n/a	repeat	prst:monads	54
contig_109	151514	86864,963,0,0,0,0,0	78903	|	Trichomonas tenax	43075	prst:monads	74945	74751	1815	|	56777	prst:monads	74945	9440	240	|	9541	anml:primates	2459	2459	53	|	516051	prok:CFB group bacteria	2096	2096	49	|	n/a	repeat	prst:monads	49
contig_110	2797686	1296647,20018,2680,0,0,0,0	2027972	|	Trichomonas tenax	43075	prst:monads	2001663	1682783	8729	|	56777	prst:monads	2001663	732317	2218	|	1144522	prst:protists	100291	55259	396	|	135588	prst:protists	100291	48847	306	|	n/a	primary-div	prst:monads	72
contig_111	229456	116532,3054,0,0,0,0,0	151681	|	Trichomonas tenax	43075	prst:monads	148475	114412	2294	|	56777	prst:monads	148475	56910	638	|	135588	prst:protists	1326	1187	86	|	1303817	prok:firmicutes	7776	4030	78	|	n/a	primary-div	prst:monads	65
contig_114	336866	119930,1065,0,0,0,0,0	224206	|	Trichomonas tenax	43075	prst:monads	219141	207887	3127	|	56777	prst:monads	219141	85393	752	|	312017	prst:alveolates	5711	5449	89	|	1144522	prst:protists	2181	2181	78	|	n/a	primary-div	prst:monads	65
contig_118	1000123	585873,21269,360,0,0,0,0	589611	|	Trichomonas tenax	43075	prst:monads	579796	486702	4682	|	56777	prst:monads	579796	221493	1244	|	1144522	prst:protists	14006	11575	172	|	135588	prst:protists	14006	3668	92	|	n/a	repeat	prst:monads	58
contig_119	1760773	825776,11958,4160,0,0,0,0	1183368	|	Trichomonas tenax	43075	prst:monads	1163240	1027463	6860	|	56777	prst:monads	1163240	553214	2070	|	1144522	prst:protists	57192	53636	425	|	135588	prst:protists	57192	31382	282	|	n/a	primary-div	prst:monads	66
contig_121	69164	48284,235,0,0,0,0,0	37613	|	Trichomonas tenax	43075	prst:monads	36010	22438	1059	|	56777	prst:monads	36010	12003	300	|	6526	anml:molluscs	2032	2032	49	|	1290454	fung:fungi	1329	1329	40	|	n/a	repeat	prst:monads	52
contig_123	715770	318575,1953,560,0,0,0,0	553175	|	Trichomonas tenax	43075	prst:monads	547805	488975	4613	|	56777	prst:monads	547805	156923	949	|	2897181	prok:CFB group bacteria	4055	4055	71	|	368602	prok:a-proteobacteria	3170	3170	63	|	n/a	primary-div	prst:monads	77
contig_125	777917	146078,3314,1440,0,0,0,0	707894	|	Trichomonas tenax	43075	prst:monads	700785	653548	5637	|	56777	prst:monads	700785	322036	1455	|	135588	prst:protists	27466	19762	198	|	1144522	prst:protists	27466	11203	159	|	n/a	primary-div	prst:monads	90
contig_129	2012023	991225,6568,660,0,0,0,0	1378781	|	Trichomonas tenax	43075	prst:monads	1343468	1150205	7202	|	56777	prst:monads	1343468	481854	1746	|	1144522	prst:protists	38177	19397	224	|	135588	prst:protists	38177	22043	203	|	n/a	primary-div	prst:monads	67
contig_132	260725	206442,704,0,0,0,0,0	82103	|	Trichomonas tenax	43075	prst:monads	78250	77506	1797	|	56777	prst:monads	78250	20120	327	|	9305	anml:marsupials	3491	3491	67	|	6728	anml:crustaceans	2435	2435	56	|	n/a	repeat	prst:monads	30
contig_133	1005834	334596,7595,2900,0,0,0,0	805097	|	Trichomonas tenax	43075	prst:monads	793528	708615	5821	|	56777	prst:monads	793528	329998	1464	|	1144522	prst:protists	23346	12184	223	|	135588	prst:protists	23346	16089	195	|	n/a	primary-div	prst:monads	79
contig_134	205211	118451,2723,0,0,0,0,0	142182	|	Trichomonas tenax	43075	prst:monads	139679	108013	2292	|	56777	prst:monads	139679	44559	538	|	1144522	prst:protists	2438	2438	68	|	37623	anml:molluscs	2119	2119	50	|	n/a	primary-div	prst:monads	68
contig_136	396197	172828,3334,0,0,0,0,0	317688	|	Trichomonas tenax	43075	prst:monads	315682	247258	3443	|	56777	prst:monads	315682	115015	908	|	135588	prst:protists	4806	4806	91	|	6289	anml:nematodes	1866	1866	46	|	n/a	primary-div	prst:monads	80
contig_137	832603	275538,1511,0,0,0,0,0	691991	|	Trichomonas tenax	43075	prst:monads	683957	618485	5304	|	56777	prst:monads	683957	288873	1273	|	135588	prst:protists	10673	6844	138	|	1144522	prst:protists	10673	4360	113	|	n/a	primary-div	prst:monads	82
contig_138	758785	355611,1600,300,0,0,0,0	535880	|	Trichomonas tenax	43075	prst:monads	527024	424847	4478	|	56777	prst:monads	527024	192477	1130	|	135588	prst:protists	23382	18232	203	|	1144522	prst:protists	23382	7650	144	|	n/a	primary-div	prst:monads	69
contig_139	608201	246997,2196,1720,0,0,0,0	441586	|	Trichomonas tenax	43075	prst:monads	436936	400233	4246	|	56777	prst:monads	436936	165741	1168	|	1144522	prst:protists	10870	10797	161	|	135588	prst:protists	10870	3912	139	|	n/a	primary-div	prst:monads	72
contig_140	352481	208682,1778,0,0,0,0,0	222300	|	Trichomonas tenax	43075	prst:monads	219593	200789	2896	|	56777	prst:monads	219593	50298	534	|	1144522	prst:protists	3410	3410	85	|	27405	anml:crustaceans	4544	4544	74	|	n/a	primary-div	prst:monads	62
contig_141	690209	362114,3351,0,0,0,0,0	468947	|	Trichomonas tenax	43075	prst:monads	463212	376057	3923	|	56777	prst:monads	463212	108752	740	|	1499680	prok:firmicutes	3274	3154	76	|	2743191	anml:echinoderms	6433	3194	62	|	n/a	primary-div	prst:monads	67
contig_142	1502762	640395,13498,420,0,0,0,0	1088913	|	Trichomonas tenax	43075	prst:monads	1071061	952150	6614	|	56777	prst:monads	1071061	368047	1504	|	1144522	prst:protists	50831	31177	301	|	135588	prst:protists	50831	34980	277	|	n/a	primary-div	prst:monads	71
contig_143	39850	16289,0,0,0,0,0,0	30537	|	Trichomonas tenax	43075	prst:monads	30016	28225	1079	|	56777	prst:monads	30016	12012	261	|	36100	anml:molluscs	1381	1381	39	|	110368	anml:insects	706	706	29	|	n/a	primary-div	prst:monads	75
contig_144	722910	503835,3323,0,0,0,0,0	431635	|	Trichomonas tenax	43075	prst:monads	418493	293300	3424	|	5722	prst:monads	418493	185922	860	|	135588	prst:protists	15076	14424	179	|	2921223	anml:insects	7449	4722	76	|	n/a	repeat	prst:monads	58
contig_145	462021	287836,3356,0,0,0,0,0	243842	|	Trichomonas tenax	43075	prst:monads	237178	227332	3018	|	56777	prst:monads	237178	87308	679	|	6579	anml:molluscs	2388	2388	58	|	189513	anml:insects	4718	2424	55	|	n/a	repeat	prst:monads	51
contig_146	120877	73116,2430,0,0,0,0,0	70813	|	Trichomonas tenax	43075	prst:monads	69882	55609	1615	|	56777	prst:monads	69882	28321	416	|	88015	anml:crustaceans	1734	1734	46	|	3469	plnt:plants	1530	1530	45	|	n/a	repeat	prst:monads	58
contig_149	312280	91902,3549,0,0,0,0,0	267908	|	Trichomonas tenax	43075	prst:monads	266209	241811	3356	|	56777	prst:monads	266209	94342	744	|	1144522	prst:protists	9540	5962	105	|	135588	prst:protists	9540	5109	92	|	n/a	primary-div	prst:monads	85
contig_150	800371	364021,2089,0,0,0,0,0	602421	|	Trichomonas tenax	43075	prst:monads	593409	506043	4913	|	56777	prst:monads	593409	222734	1182	|	1144522	prst:protists	7301	7301	136	|	2590900	prok:CFB group bacteria	10996	4893	95	|	n/a	primary-div	prst:monads	74
contig_151	402815	232266,3561,0,0,0,0,0	242781	|	Trichomonas tenax	43075	prst:monads	240341	200709	2936	|	56777	prst:monads	240341	62703	640	|	7918	anml:fishes	4011	3885	69	|	3818	plnt:plants	2812	2647	54	|	n/a	primary-div	prst:monads	60
contig_152	1190628	637940,9486,2060,0,0,0,0	729841	|	Trichomonas tenax	43075	prst:monads	711827	611715	5189	|	56777	prst:monads	711827	240839	1230	|	1144522	prst:protists	11486	6144	164	|	135588	prst:protists	11486	6267	130	|	n/a	primary-div	prst:monads	60
contig_153	443163	132362,2707,720,0,0,0,0	358199	|	Trichomonas tenax	43075	prst:monads	354541	328882	3965	|	56777	prst:monads	354541	144528	993	|	135588	prst:protists	20301	15689	180	|	1144522	prst:protists	20301	9414	163	|	n/a	primary-div	prst:monads	80
contig_154	2329505	1165625,33441,2960,0,0,0,0	1655502	|	Trichomonas tenax	43075	prst:monads	1621956	1290626	7618	|	56777	prst:monads	1621956	479765	1734	|	135588	prst:protists	46541	26201	234	|	1144522	prst:protists	46541	17996	227	|	n/a	primary-div	prst:monads	70
contig_155	215536	31987,134,0,0,0,0,0	199083	|	Trichomonas tenax	43075	prst:monads	198580	192229	3055	|	56777	prst:monads	198580	100796	804	|	135588	prst:protists	5492	5478	128	|	2838603	prok:firmicutes	3360	3163	78	|	n/a	primary-div	prst:monads	92
contig_157	107176	60813,107,0,0,0,0,0	53346	|	Trichomonas tenax	43075	prst:monads	51522	37493	955	|	5722	prst:monads	51522	14507	219	|	9305	anml:marsupials	2674	2674	56	|	3469	plnt:plants	350	350	21	|	n/a	repeat	prst:monads	48
contig_158	249782	187901,1420,0,0,0,0,0	109012	|	Trichomonas tenax	43075	prst:monads	105503	69906	1638	|	56777	prst:monads	105503	26760	389	|	135588	prst:protists	2374	2374	60	|	260995	anml:amphibians	2352	2352	54	|	n/a	repeat	prst:monads	42
contig_16	1768251	761400,6139,2480,0,0,0,0	1360939	|	Trichomonas tenax	43075	prst:monads	1351687	1082623	7132	|	56777	prst:monads	1351687	524322	1871	|	1144522	prst:protists	45150	29005	318	|	135588	prst:protists	45150	20499	218	|	n/a	primary-div	prst:monads	76
contig_160	370000	275107,1085,1900,0,0,0,0	146604	|	Trichomonas tenax	43075	prst:monads	143451	94934	1978	|	5722	prst:monads	143451	62004	988	|	135588	prst:protists	20286	16469	504	|	595528	prst:protists	20286	10262	212	|	n/a	repeat	prst:monads	39
contig_161	1242561	697781,14203,980,0,0,0,0	863176	|	Trichomonas tenax	43075	prst:monads	843966	678764	5298	|	56777	prst:monads	843966	305816	1419	|	135588	prst:protists	9501	9465	147	|	526224	prok:bacteria	6403	6403	101	|	n/a	primary-div	prst:monads	68
contig_163	153234	69905,2390,0,0,0,0,0	115394	|	Trichomonas tenax	43075	prst:monads	113631	94609	2114	|	56777	prst:monads	113631	53442	578	|	210225	plnt:plants	3911	3911	67	|	9669	anml:mammals	1172	1172	37	|	n/a	primary-div	prst:monads	74
contig_164	141556	89603,1347,60,0,0,0,0	59981	|	Trichomonas tenax	43075	prst:monads	54442	54210	1488	|	56777	prst:monads	54442	9827	246	|	37623	anml:molluscs	5252	4125	75	|	95602	anml:crustaceans	3075	3075	62	|	n/a	repeat	prst:monads	38
contig_165	997570	259295,4788,420,0,0,0,0	848545	|	Trichomonas tenax	43075	prst:monads	838184	760373	5915	|	56777	prst:monads	838184	343207	1508	|	1144522	prst:protists	31775	16951	207	|	135588	prst:protists	31775	16242	193	|	n/a	primary-div	prst:monads	84
contig_168	1260267	435930,2527,1360,0,0,0,0	976179	|	Trichomonas tenax	43075	prst:monads	966533	880812	6462	|	56777	prst:monads	966533	506812	1961	|	1144522	prst:protists	40238	28598	297	|	135588	prst:protists	40238	20189	225	|	n/a	primary-div	prst:monads	77
contig_171	337832	110321,371,300,0,0,0,0	267692	|	Trichomonas tenax	43075	prst:monads	264899	239727	3463	|	56777	prst:monads	264899	117382	919	|	1144522	prst:protists	14113	9472	135	|	135588	prst:protists	14113	5668	109	|	n/a	primary-div	prst:monads	78
contig_175	366722	185699,995,0,0,0,0,0	240126	|	Trichomonas tenax	43075	prst:monads	231333	163395	2769	|	56777	prst:monads	231333	113353	906	|	1144522	prst:protists	25896	13641	169	|	135588	prst:protists	25896	15276	167	|	n/a	primary-div	prst:monads	63
contig_176	523860	336108,1285,0,0,0,0,0	291137	|	Trichomonas tenax	43075	prst:monads	281414	199756	3029	|	56777	prst:monads	281414	80539	710	|	981085	plnt:plants	4370	4370	74	|	143948	anml:insects	5422	3421	65	|	n/a	repeat	prst:monads	54
contig_178	335247	77553,1110,0,0,0,0,0	291004	|	Trichomonas tenax	43075	prst:monads	288894	274460	3675	|	56777	prst:monads	288894	120494	899	|	1144522	prst:protists	19313	12630	193	|	135588	prst:protists	19313	9778	159	|	n/a	primary-div	prst:monads	86
contig_179	894459	320157,2849,120,0,0,0,0	669534	|	Trichomonas tenax	43075	prst:monads	663057	601038	5178	|	56777	prst:monads	663057	254088	1167	|	1144522	prst:protists	29048	19836	220	|	135588	prst:protists	29048	9919	136	|	n/a	primary-div	prst:monads	74
contig_18	719978	618962,4012,1960,0,0,0,0	219700	|	Trichomonas tenax	43075	prst:monads	201526	139044	2053	|	5722	prst:monads	201526	57652	465	|	1144522	prst:protists	6546	2259	124	|	135588	prst:protists	6546	5491	123	|	n/a	repeat	prst:monads	28
contig_181	1028789	413392,6642,2180,0,0,0,0	801439	|	Trichomonas tenax	43075	prst:monads	789593	674440	5693	|	56777	prst:monads	789593	305772	1347	|	1144522	prst:protists	21104	11501	156	|	135588	prst:protists	21104	11356	141	|	n/a	primary-div	prst:monads	77
contig_182	599979	226680,31956,0,0,0,0,0	464792	|	Trichomonas tenax	43075	prst:monads	461118	390875	4254	|	56777	prst:monads	461118	205207	1270	|	1144522	prst:protists	35333	25674	285	|	135588	prst:protists	35333	24300	221	|	n/a	primary-div	prst:monads	77
contig_186	295147	161424,971,0,0,0,0,0	197779	|	Trichomonas tenax	43075	prst:monads	193818	160292	2676	|	56777	prst:monads	193818	63752	665	|	135588	prst:protists	4939	4939	88	|	4556	plnt:plants	3579	3459	64	|	n/a	primary-div	prst:monads	66
contig_187	96422	30832,818,0,0,0,0,0	75339	|	Trichomonas tenax	43075	prst:monads	74324	64291	1729	|	56777	prst:monads	74324	21310	389	|	135588	prst:protists	5734	5734	101	|	45351	anml:basal metazoans	2542	2542	54	|	n/a	primary-div	prst:monads	77
contig_188	297498	174935,1214,0,0,0,0,0	194763	|	Trichomonas tenax	43075	prst:monads	190097	159342	2607	|	56777	prst:monads	190097	35767	479	|	1144522	prst:protists	3568	3568	93	|	1946694	prok:firmicutes	3241	2430	63	|	n/a	primary-div	prst:monads	64
contig_190	125305	99919,0,0,0,0,0,0	38322	|	Trichomonas tenax	43075	prst:monads	35748	35614	1322	|	56777	prst:monads	35748	12200	260	|	175300	prst:algae	1133	1133	38	|	7936	anml:fishes	734	734	31	|	n/a	repeat	prst:monads	29
contig_191	565776	193386,5635,220,0,0,0,0	459914	|	Trichomonas tenax	43075	prst:monads	456621	402890	4438	|	56777	prst:monads	456621	222491	1260	|	1144522	prst:protists	25440	20378	235	|	135588	prst:protists	25440	13896	171	|	n/a	primary-div	prst:monads	81
contig_192	301977	131984,1553,0,0,0,0,0	226553	|	Trichomonas tenax	43075	prst:monads	224148	219574	3144	|	56777	prst:monads	224148	84484	708	|	157538	prst:euglenoids	2652	2652	67	|	1144522	prst:protists	1375	1266	66	|	n/a	primary-div	prst:monads	74
contig_194	970327	272167,8065,1660,0,0,0,0	776195	|	Trichomonas tenax	43075	prst:monads	774084	696894	5816	|	56777	prst:monads	774084	368126	1526	|	1144522	prst:protists	12672	8445	201	|	135588	prst:protists	12672	7120	165	|	n/a	primary-div	prst:monads	80
contig_195	374735	269121,821,0,0,0,0,0	191972	|	Trichomonas tenax	43075	prst:monads	188108	118062	2234	|	56777	prst:monads	188108	51204	624	|	62324	anml:insects	1996	1996	49	|	1896973	prok:CFB group bacteria	1922	1922	48	|	n/a	repeat	prst:monads	50
contig_196	196992	106657,195,0,0,0,0,0	140153	|	Trichomonas tenax	43075	prst:monads	137956	136888	2385	|	56777	prst:monads	137956	41445	529	|	1144522	prst:protists	2833	2833	79	|	35883	plnt:plants	3043	3043	62	|	n/a	primary-div	prst:monads	70
contig_197~~1..143649	143649	72888,110,260,0,0,0,0	66840	|	Trichomonas tenax	43075	prst:monads	63643	60019	1470	|	56777	prst:monads	63643	11754	243	|	3821	plnt:plants	3010	2673	59	|	6687	anml:crustaceans	2097	2097	52	|	n/a	repeat	prst:monads	44
contig_197~~143650..145704	2055	0,0,60,0,0,0,0	1423	|	Timema monikensis	170555	anml:insects	1032	793	31	|	6687	anml:crustaceans	580	580	26	|	7224	anml:insects	1032	214	16	|	54126	anml:nematodes	165	165	15	|	n/a	inconclusive	anml:insects	50
contig_197~~145705..1184297	1038593	475120,23099,300,0,0,0,0	722913	|	Trichomonas tenax	43075	prst:monads	711021	648612	5291	|	56777	prst:monads	711021	210608	1111	|	135588	prst:protists	9508	9182	127	|	1144522	prst:protists	9508	1212	108	|	n/a	primary-div	prst:monads	68
contig_199	900049	389069,4793,0,0,0,0,0	667798	|	Trichomonas tenax	43075	prst:monads	663208	602438	5202	|	56777	prst:monads	663208	286731	1415	|	1144522	prst:protists	13465	9722	168	|	135588	prst:protists	13465	4040	73	|	n/a	primary-div	prst:monads	74
contig_20	528850	268915,4492,0,0,0,0,0	312047	|	Trichomonas tenax	43075	prst:monads	301710	272464	3519	|	56777	prst:monads	301710	92654	740	|	135588	prst:protists	5984	3859	72	|	6549	anml:molluscs	3801	3801	68	|	n/a	primary-div	prst:monads	57
contig_200	141971	102330,323,0,0,0,0,0	64673	|	Trichomonas tenax	43075	prst:monads	64315	40386	1092	|	5722	prst:monads	64315	36626	351	|	9244	anml:birds	1789	1789	45	|						|	n/a	repeat	prst:monads	45
contig_202	1094987	173401,22649,2880,0,0,0,0	981118	|	Trichomonas tenax	43075	prst:monads	966088	927164	6651	|	56777	prst:monads	966088	491968	1828	|	1144522	prst:protists	52250	39783	361	|	135588	prst:protists	52250	26965	245	|	n/a	primary-div	prst:monads	88
contig_203	30762	28350,0,0,0,0,0,0	12689	|	Trichomonas tenax	43075	prst:monads	12219	12219	464	|	7375	anml:insects	651	651	28	|						|						|	n/a	repeat	prst:monads	40
contig_204	242869	92566,441,280,0,0,0,0	187324	|	Trichomonas tenax	43075	prst:monads	185711	168551	2731	|	56777	prst:monads	185711	68646	623	|	1144522	prst:protists	1188	1188	54	|	62763	prok:g-proteobacteria	1804	1804	51	|	n/a	primary-div	prst:monads	76
contig_205	138732	91117,802,0,0,0,0,0	78267	|	Trichomonas tenax	43075	prst:monads	76218	74548	1747	|	56777	prst:monads	76218	9276	275	|	3847	plnt:plants	2974	2974	60	|	760013	fung:fungi	1666	1666	46	|	n/a	repeat	prst:monads	55
contig_206	656455	264466,4607,0,0,0,0,0	461250	|	Trichomonas tenax	43075	prst:monads	451392	415280	4450	|	56777	prst:monads	451392	204157	1127	|	1144522	prst:protists	15344	7602	122	|	1746091	prst:protists	15344	7742	104	|	n/a	primary-div	prst:monads	69
contig_207	2284947	594163,13534,8300,0,0,0,0	1895448	|	Trichomonas tenax	43075	prst:monads	1879581	1745922	9211	|	56777	prst:monads	1879581	931982	2563	|	1144522	prst:protists	123415	70109	494	|	135588	prst:protists	123415	80733	425	|	n/a	primary-div	prst:monads	82
contig_208	734231	129786,2979,0,0,0,0,0	658949	|	Trichomonas tenax	43075	prst:monads	656112	564339	5244	|	56777	prst:monads	656112	369233	1569	|	1144522	prst:protists	18322	14100	203	|	135588	prst:protists	18322	7939	145	|	n/a	primary-div	prst:monads	89
contig_209	1005705	388910,4151,2900,0,0,0,0	744820	|	Trichomonas tenax	43075	prst:monads	732627	643682	5296	|	56777	prst:monads	732627	261537	1283	|	135588	prst:protists	20352	15911	191	|	1144522	prst:protists	20352	7132	157	|	n/a	primary-div	prst:monads	73
contig_212	463902	273264,583,0,0,0,0,0	235721	|	Trichomonas tenax	43075	prst:monads	232726	222757	3001	|	56777	prst:monads	232726	85730	741	|	1144522	prst:protists	3096	3096	72	|	7994	anml:fishes	2251	2251	55	|	n/a	repeat	prst:monads	50
contig_213	1600515	695088,4452,0,0,0,0,0	1149811	|	Trichomonas tenax	43075	prst:monads	1136197	1009909	6871	|	56777	prst:monads	1136197	356271	1483	|	1144522	prst:protists	28806	17718	192	|	135588	prst:protists	28806	11772	140	|	n/a	primary-div	prst:monads	71
contig_214	425739	178663,2968,340,0,0,0,0	317209	|	Trichomonas tenax	43075	prst:monads	305293	289144	3534	|	56777	prst:monads	305293	112187	825	|	1144522	prst:protists	5855	5533	114	|	4921	fung:budding yeasts	5591	5228	81	|	n/a	primary-div	prst:monads	72
contig_215	355919	109141,657,0,0,0,0,0	278376	|	Trichomonas tenax	43075	prst:monads	277239	243017	3328	|	56777	prst:monads	277239	86458	763	|	135588	prst:protists	16031	12841	148	|	9986	anml:rodents	4607	4607	76	|	n/a	primary-div	prst:monads	78
contig_216	300240	113136,1618,840,0,0,0,0	218159	|	Trichomonas tenax	43075	prst:monads	211410	185245	2910	|	56777	prst:monads	211410	93892	752	|	1187980	anml:nematodes	3843	3133	63	|	2528002	prok:bacteria	2259	2259	58	|	n/a	primary-div	prst:monads	70
contig_217	184154	133501,1789,0,0,0,0,0	95674	|	Trichomonas tenax	43075	prst:monads	93715	88258	1759	|	56777	prst:monads	93715	21419	349	|	135588	prst:protists	6375	6375	104	|	166010	anml:nematodes	1018	1018	36	|	n/a	repeat	prst:monads	51
contig_218	95163	63648,262,0,0,0,0,0	55167	|	Trichomonas tenax	43075	prst:monads	54652	54249	1299	|	56777	prst:monads	54652	5486	163	|	37099	prst:algae	1741	1741	45	|						|	n/a	repeat	prst:monads	57
contig_219	798786	246807,10561,0,0,0,0,0	662364	|	Trichomonas tenax	43075	prst:monads	658759	573581	5185	|	56777	prst:monads	658759	245904	1267	|	1144522	prst:protists	5861	5861	115	|	39490	prok:firmicutes	4368	2586	74	|	n/a	primary-div	prst:monads	82
contig_222	482511	88710,1975,0,0,0,0,0	407498	|	Trichomonas tenax	43075	prst:monads	404404	373406	4252	|	56777	prst:monads	404404	171768	990	|	639282	prok:bacteria	4839	4839	88	|	1243177	prst:protists	4344	3171	68	|	n/a	primary-div	prst:monads	84
contig_231	14551	7163,182,0,0,0,0,0	12053	|	Trichomonas tenax	43075	prst:monads	11793	11637	764	|	56777	prst:monads	11793	433	47	|	8364	anml:amphibians	657	657	29	|	45954	anml:molluscs	434	434	25	|	n/a	primary-div	prst:monads	81
contig_234	909589	241578,4398,4820,0,0,0,0	774063	|	Trichomonas tenax	43075	prst:monads	763626	677718	5662	|	56777	prst:monads	763626	329001	1466	|	135588	prst:protists	36287	24053	260	|	1144522	prst:protists	36287	20207	241	|	n/a	primary-div	prst:monads	84
contig_235	403942	143162,1298,440,0,0,0,0	336271	|	Trichomonas tenax	43075	prst:monads	333177	294716	3730	|	56777	prst:monads	333177	125545	939	|	1144522	prst:protists	9659	5333	133	|	135588	prst:protists	9659	6290	124	|	n/a	primary-div	prst:monads	82
contig_237	890713	479859,11550,680,0,0,0,0	609558	|	Trichomonas tenax	43075	prst:monads	598571	479896	4577	|	56777	prst:monads	598571	177684	1104	|	135588	prst:protists	21231	13438	182	|	1144522	prst:protists	21231	11297	172	|	n/a	primary-div	prst:monads	67
contig_24	939459	375337,3723,4260,0,0,0,0	714947	|	Trichomonas tenax	43075	prst:monads	702281	590464	5246	|	56777	prst:monads	702281	327223	1520	|	1144522	prst:protists	33447	20925	263	|	135588	prst:protists	33447	18923	228	|	n/a	primary-div	prst:monads	75
contig_240	78586	77875,711,0,0,0,0,0	0	|							|						|						|						|	n/a	repeat	none	0
contig_243	217680	166541,1075,0,0,0,0,0	76945	|	Trichomonas tenax	43075	prst:monads	75453	55730	1649	|	56777	prst:monads	75453	34447	485	|	166361	anml:insects	3093	2988	60	|	3641	plnt:plants	1882	1882	47	|	n/a	repeat	prst:monads	35
contig_246	90734	81362,0,0,0,0,0,0	38487	|	Trichomonas tenax	43075	prst:monads	37758	37758	854	|	2921223	anml:insects	1500	1500	43	|						|						|	n/a	repeat	prst:monads	42
contig_251	1217364	726933,3018,1640,0,0,0,0	858777	|	Trichomonas tenax	43075	prst:monads	843537	713617	5280	|	56777	prst:monads	843537	258729	1345	|	135588	prst:protists	21503	14644	169	|	1144522	prst:protists	21503	9514	145	|	n/a	primary-div	prst:monads	69
contig_252	427442	93695,781,960,0,0,0,0	348753	|	Trichomonas tenax	43075	prst:monads	345494	323229	3957	|	56777	prst:monads	345494	185458	1162	|	1144522	prst:protists	18408	15998	230	|	135588	prst:protists	18408	3456	100	|	n/a	primary-div	prst:monads	81
contig_253	1140467	479083,5141,4980,0,0,0,0	900054	|	Trichomonas tenax	43075	prst:monads	884824	725694	5803	|	56777	prst:monads	884824	312396	1448	|	1144522	prst:protists	38387	21487	256	|	135588	prst:protists	38387	22395	254	|	n/a	primary-div	prst:monads	78
contig_256	509229	186607,2638,0,0,0,0,0	390367	|	Trichomonas tenax	43075	prst:monads	385857	328324	3937	|	56777	prst:monads	385857	173863	1076	|	1144522	prst:protists	11154	6669	106	|	135588	prst:protists	11154	5473	94	|	n/a	primary-div	prst:monads	76
contig_257	41400	20170,193,0,0,0,0,0	24343	|	Trichomonas tenax	43075	prst:monads	24343	19822	980	|	56777	prst:monads	24343	7898	256	|						|						|	n/a	primary-div	prst:monads	59
contig_258	233923	49062,1956,0,0,0,0,0	188593	|	Trichomonas tenax	43075	prst:monads	185437	175349	2909	|	56777	prst:monads	185437	83295	721	|	59747	anml:nematodes	3703	3703	67	|	9365	anml:mammals	3326	3326	63	|	n/a	primary-div	prst:monads	79
contig_260	34620	17627,680,0,0,0,0,0	17757	|	Trichomonas tenax	43075	prst:monads	17450	17359	932	|	56777	prst:monads	17450	12297	298	|	114398	anml:insects	776	776	30	|						|	n/a	repeat	prst:monads	50
contig_262	11620	5861,4901,0,0,0,0,0	1223	|	Trichomonas tenax	43075	prst:monads	1223	1223	151	|						|						|						|	n/a	repeat	prst:monads	11
contig_263	228605	97161,1072,0,0,0,0,0	167790	|	Trichomonas tenax	43075	prst:monads	167343	134394	2530	|	56777	prst:monads	167343	84544	787	|	1144522	prst:protists	6769	3889	114	|	135588	prst:protists	6769	4362	92	|	n/a	primary-div	prst:monads	73
contig_265	121247	38927,228,0,0,0,0,0	104326	|	Trichomonas tenax	43075	prst:monads	103368	102933	2203	|	56777	prst:monads	103368	51485	587	|	31234	anml:nematodes	3196	3196	65	|	94328	plnt:plants	3279	3039	61	|	n/a	primary-div	prst:monads	85
contig_266	333635	111313,1105,80,0,0,0,0	295143	|	Trichomonas tenax	43075	prst:monads	290248	252007	3424	|	56777	prst:monads	290248	96933	817	|	1144522	prst:protists	33350	14992	255	|	135588	prst:protists	33350	30257	250	|	n/a	primary-div	prst:monads	87
contig_276	257	0,0,0,0,0,0,0	202	|	Trichomonas vaginalis	5722	prst:monads	202	202	100	|	135588	prst:protists	169	169	47	|						|						|	n/a	primary-div	prst:monads	79
contig_278	452041	225509,29181,1860,0,0,0,0	296639	|	Trichomonas tenax	43075	prst:monads	288683	232596	3172	|	56777	prst:monads	288683	75759	632	|	135588	prst:protists	8306	8234	151	|	1144522	prst:protists	8306	2246	131	|	n/a	primary-div	prst:monads	64
contig_282	162540	47158,394,0,0,0,0,0	121420	|	Trichomonas tenax	43075	prst:monads	119221	112480	2289	|	56777	prst:monads	119221	53152	600	|	1144522	prst:protists	4673	2779	95	|	135588	prst:protists	4673	3062	88	|	n/a	primary-div	prst:monads	73
contig_285	235688	81184,806,920,0,0,0,0	180683	|	Trichomonas tenax	43075	prst:monads	178508	152313	2614	|	56777	prst:monads	178508	70804	721	|	1144522	prst:protists	2062	1281	86	|	7160	anml:insects	4127	3127	77	|	n/a	primary-div	prst:monads	76
contig_289	850553	360057,3273,1440,0,0,0,0	587631	|	Trichomonas tenax	43075	prst:monads	572871	515868	4790	|	56777	prst:monads	572871	198544	1157	|	135588	prst:protists	38200	31026	264	|	1144522	prst:protists	38200	12881	182	|	n/a	primary-div	prst:monads	67
contig_293	147654	22548,702,0,0,0,0,0	135254	|	Trichomonas tenax	43075	prst:monads	134289	132835	2550	|	56777	prst:monads	134289	67305	660	|	1144522	prst:protists	6865	6865	137	|	671267	prok:CFB group bacteria	5463	2983	60	|	n/a	primary-div	prst:monads	91
contig_297	284644	100769,714,0,0,0,0,0	207481	|	Trichomonas tenax	43075	prst:monads	204085	181221	2990	|	56777	prst:monads	204085	90302	733	|	2834112	prok:CFB group bacteria	10919	4981	94	|	2981793	prok:CFB group bacteria	10919	3672	86	|	n/a	primary-div	prst:monads	72
contig_303	760157	197139,10407,1060,0,0,0,0	650919	|	Trichomonas tenax	43075	prst:monads	645673	536098	5127	|	56777	prst:monads	645673	316676	1524	|	135588	prst:protists	37374	31138	263	|	1144522	prst:protists	37374	19760	250	|	n/a	primary-div	prst:monads	85
contig_304	449325	138085,17189,1080,0,0,0,0	384190	|	Trichomonas tenax	43075	prst:monads	379608	320803	3916	|	56777	prst:monads	379608	157058	989	|	135588	prst:protists	15407	9870	137	|	1144522	prst:protists	15407	7493	127	|	n/a	primary-div	prst:monads	84
contig_305	500223	293021,4812,1760,0,0,0,0	358181	|	Trichomonas tenax	43075	prst:monads	350343	281360	3443	|	5722	prst:monads	350343	142212	846	|	1144522	prst:protists	27029	18581	252	|	135588	prst:protists	27029	20077	215	|	n/a	primary-div	prst:monads	70
contig_306	622192	202271,2109,1640,0,0,0,0	538408	|	Trichomonas tenax	43075	prst:monads	536239	472885	4736	|	56777	prst:monads	536239	289443	1368	|	1144522	prst:protists	26117	18678	261	|	135588	prst:protists	26117	17576	230	|	n/a	primary-div	prst:monads	86
contig_310	18539	18248,107,0,0,0,0,0	5195	|	Trichomonas tenax	43075	prst:monads	5195	5195	396	|						|						|						|	n/a	repeat	prst:monads	28
contig_311	284908	168986,451,0,0,0,0,0	160451	|	Trichomonas tenax	43075	prst:monads	158577	144509	2452	|	56777	prst:monads	158577	44363	540	|	63186	prok:CFB group bacteria	2475	2475	56	|	326537	prok:g-proteobacteria	2275	2275	52	|	n/a	repeat	prst:monads	56
contig_314	1070533	560337,4364,3840,0,0,0,0	753357	|	Trichomonas tenax	43075	prst:monads	740469	559115	5162	|	56777	prst:monads	740469	270772	1397	|	135588	prst:protists	14009	12741	187	|	1144522	prst:protists	14009	7983	179	|	n/a	primary-div	prst:monads	69
contig_315	363023	159313,807,220,0,0,0,0	254395	|	Trichomonas tenax	43075	prst:monads	253558	223339	3179	|	56777	prst:monads	253558	108307	870	|	1144522	prst:protists	21136	13761	209	|	135588	prst:protists	21136	18389	194	|	n/a	primary-div	prst:monads	70
contig_32	1831	1831,0,0,0,0,0,0	0	|							|						|						|						|	n/a	repeat	none	0
contig_320	364579	162127,1142,0,0,0,0,0	261283	|	Trichomonas tenax	43075	prst:monads	257266	231943	3285	|	56777	prst:monads	257266	67635	662	|	1144522	prst:protists	4339	4294	112	|	135588	prst:protists	4339	1247	79	|	n/a	primary-div	prst:monads	71
contig_342	10352	9411,0,0,0,0,0,0	1081	|	Trichomonas tenax	43075	prst:monads	397	397	134	|	1290454	fung:fungi	684	684	28	|						|						|	n/a	repeat	prst:monads	4
contig_345	246946	127641,2852,0,0,0,0,0	150825	|	Trichomonas tenax	43075	prst:monads	149111	134098	2375	|	56777	prst:monads	149111	54743	652	|	135588	prst:protists	6725	5405	98	|	1144522	prst:protists	6725	2513	88	|	n/a	primary-div	prst:monads	60
contig_347	490842	164076,3397,2840,0,0,0,0	357952	|	Trichomonas tenax	43075	prst:monads	353635	335637	3939	|	56777	prst:monads	353635	159873	1030	|	1144522	prst:protists	12265	5920	158	|	135588	prst:protists	12265	8009	132	|	n/a	primary-div	prst:monads	72
contig_348	12486	11823,96,0,0,0,0,0	1718	|	Trichomonas tenax	43075	prst:monads	1718	1718	177	|						|						|						|	n/a	repeat	prst:monads	14
contig_349	1061972	382887,3281,440,0,0,0,0	856411	|	Trichomonas tenax	43075	prst:monads	847295	710256	5785	|	56777	prst:monads	847295	338678	1603	|	1144522	prst:protists	31447	28178	305	|	135588	prst:protists	31447	16567	199	|	n/a	primary-div	prst:monads	80
contig_357	190849	28561,1110,0,0,0,0,0	152928	|	Trichomonas tenax	43075	prst:monads	151043	144404	2682	|	56777	prst:monads	151043	98824	736	|	644223	fung:budding yeasts	2426	2426	61	|	2763671	prok:firmicutes	2426	2426	50	|	n/a	primary-div	prst:monads	79
contig_360	18491	1513,0,0,0,0,0,0	3978	|	Trichomonas tenax	43075	prst:monads	3215	3215	253	|	34773	anml:fishes	449	449	23	|	42149	fung:ascomycetes	402	402	20	|	1111676	prok:mycoplasmas	99	99	10	|	n/a	low-coverage	prst:monads	17
contig_365	49524	28261,112,0,0,0,0,0	11664	|	Trichomonas tenax	43075	prst:monads	10996	10996	741	|	46514	anml:echinoderms	668	668	29	|						|						|	n/a	repeat	prst:monads	22
contig_366	76559	74825,1205,0,0,0,0,0	6495	|	Trichomonas tenax	43075	prst:monads	6495	6495	384	|						|						|						|	n/a	repeat	prst:monads	8
contig_367	58457	20678,0,0,0,0,0,0	16786	|	Trichomonas tenax	43075	prst:monads	11780	11780	605	|	3469	plnt:plants	3277	2456	57	|	6945	anml:insects	3384	2169	51	|	3827	plnt:plants	3277	821	40	|	n/a	repeat	prst:monads	20
contig_369	9133	9085,0,0,0,0,0,0	0	|							|						|						|						|	n/a	repeat	none	0
contig_37	3767351	1453752,17570,2920,0,0,0,0	2912765	|	Trichomonas tenax	43075	prst:monads	2879157	2510355	10798	|	56777	prst:monads	2879157	1054495	2565	|	1144522	prst:protists	92313	53045	385	|	135588	prst:protists	92313	45554	336	|	n/a	primary-div	prst:monads	76
contig_371	507360	188683,4358,1660,0,0,0,0	419068	|	Trichomonas tenax	43075	prst:monads	411881	354218	4113	|	56777	prst:monads	411881	227755	1261	|	1144522	prst:protists	49049	32065	302	|	135588	prst:protists	49049	21615	212	|	n/a	primary-div	prst:monads	81
contig_376	611825	118872,1856,1880,0,0,0,0	555081	|	Trichomonas tenax	43075	prst:monads	553600	491126	4907	|	56777	prst:monads	553600	272796	1334	|	135588	prst:protists	19330	14956	180	|	1144522	prst:protists	19330	5024	157	|	n/a	primary-div	prst:monads	90
contig_381	136154	64227,254,0,0,0,0,0	69894	|	Trichomonas tenax	43075	prst:monads	66629	48467	1540	|	56777	prst:monads	66629	52420	525	|	135588	prst:protists	4372	4372	85	|	89957	prst:alveolates	2303	2303	52	|	n/a	primary-div	prst:monads	49
contig_388	269389	176097,689,0,0,0,0,0	186698	|	Trichomonas tenax	43075	prst:monads	182030	148024	2097	|	5722	prst:monads	182030	73962	509	|	135588	prst:protists	4951	4170	92	|	1144522	prst:protists	4951	1324	77	|	n/a	primary-div	prst:monads	68
contig_39	258139	134398,1701,0,0,0,0,0	162414	|	Trichomonas tenax	43075	prst:monads	157989	130010	2413	|	56777	prst:monads	157989	90348	798	|	135588	prst:protists	6593	6294	130	|	1144522	prst:protists	6593	2130	107	|	n/a	primary-div	prst:monads	61
contig_391	88887	25640,107,0,0,0,0,0	80105	|	Trichomonas tenax	43075	prst:monads	79995	69983	1871	|	56777	prst:monads	79995	34537	470	|	1144522	prst:protists	3969	2335	78	|	135588	prst:protists	3969	2120	51	|	n/a	primary-div	prst:monads	90
contig_395	27765	19639,2889,0,0,0,0,0	10130	|	Trichomonas tenax	43075	prst:monads	9320	9320	424	|	4097	plnt:plants	878	878	31	|						|						|	n/a	repeat	prst:monads	34
contig_397	414585	105241,199,1260,0,0,0,0	337969	|	Trichomonas tenax	43075	prst:monads	334926	292318	3768	|	56777	prst:monads	334926	158246	955	|	1144522	prst:protists	16219	13172	175	|	135588	prst:protists	16219	4261	120	|	n/a	primary-div	prst:monads	81
contig_416	75901	52950,0,0,0,0,0,0	44618	|	Trichomonas tenax	43075	prst:monads	42471	25762	906	|	5722	prst:monads	42471	20431	254	|	5932	prst:alveolates	2067	2067	52	|	60698	plnt:plants	1611	1611	46	|	n/a	repeat	prst:monads	56
contig_418	153729	124016,660,0,0,0,0,0	70247	|	Trichomonas tenax	43075	prst:monads	63219	57567	1384	|	56777	prst:monads	63219	6763	220	|	65128	prst:alveolates	7377	7377	97	|	8010	anml:fishes	3641	2248	51	|	n/a	repeat	prst:monads	41
contig_420	226679	121577,1554,0,0,0,0,0	168693	|	Trichomonas tenax	43075	prst:monads	167191	157557	2411	|	56777	prst:monads	167191	21274	356	|	2904290	plnt:green algae	1932	1932	47	|	4686	plnt:plants	1531	1331	40	|	n/a	primary-div	prst:monads	74
contig_421	136369	49316,214,0,0,0,0,0	107365	|	Trichomonas tenax	43075	prst:monads	105741	92071	2116	|	56777	prst:monads	105741	45213	543	|	135588	prst:protists	4804	4428	117	|	1144522	prst:protists	4804	2192	106	|	n/a	primary-div	prst:monads	78
contig_422	30303	30059,0,0,0,0,0,0	1567	|	Trichomonas tenax	43075	prst:monads	1417	1417	128	|	278856	anml:insects	150	150	12	|						|						|	n/a	repeat	prst:monads	5
contig_425	114769	32844,690,0,0,0,0,0	95163	|	Trichomonas tenax	43075	prst:monads	94754	81999	1941	|	56777	prst:monads	94754	37029	504	|	1144522	prst:protists	10615	6838	127	|	135588	prst:protists	10615	6555	110	|	n/a	primary-div	prst:monads	83
contig_426	96956	80158,177,0,0,0,0,0	36682	|	Trichomonas tenax	43075	prst:monads	33272	31120	1016	|	56777	prst:monads	33272	7216	205	|	95602	anml:crustaceans	4552	4552	75	|						|	n/a	repeat	prst:monads	34
contig_429	78132	29747,168,0,0,0,0,0	51107	|	Trichomonas tenax	43075	prst:monads	49320	48078	1472	|	56777	prst:monads	49320	26202	423	|	135588	prst:protists	4197	3886	82	|	27405	anml:crustaceans	3888	3888	68	|	n/a	primary-div	prst:monads	63
contig_430	296105	186127,3809,0,0,0,0,0	156127	|	Trichomonas tenax	43075	prst:monads	154282	144713	2404	|	56777	prst:monads	154282	54286	584	|	1144522	prst:protists	3257	3257	87	|	148098	fung:budding yeasts	5347	3499	85	|	n/a	repeat	prst:monads	52
contig_435	493240	152129,3354,0,0,0,0,0	429418	|	Trichomonas tenax	43075	prst:monads	427043	402545	4277	|	56777	prst:monads	427043	187894	1089	|	1144522	prst:protists	17558	12139	159	|	135588	prst:protists	17558	5419	114	|	n/a	primary-div	prst:monads	87
contig_438	431240	43834,534,0,0,0,0,0	410345	|	Trichomonas tenax	43075	prst:monads	408420	402012	4460	|	56777	prst:monads	408420	207215	1172	|	1144522	prst:protists	14208	9044	159	|	135588	prst:protists	14208	5978	110	|	n/a	primary-div	prst:monads	95
contig_44	484363	312131,2416,5700,0,0,0,0	256986	|	Trichomonas tenax	43075	prst:monads	240353	167692	2539	|	5722	prst:monads	240353	127021	761	|	1144522	prst:protists	26459	21644	288	|	135588	prst:protists	26459	18177	223	|	n/a	repeat	prst:monads	50
contig_440	127634	97051,544,0,0,0,0,0	74775	|	Trichomonas tenax	43075	prst:monads	73765	43548	1153	|	5722	prst:monads	73765	42811	369	|	6728	anml:crustaceans	1451	1451	42	|	392764	anml:rotifers	1444	1444	42	|	n/a	repeat	prst:monads	58
contig_441	73690	54299,273,0,0,0,0,0	62416	|	Trichomonas tenax	43075	prst:monads	61956	61956	1157	|	201217	fung:basidiomycetes	1670	1670	44	|	1519616	prst:alveolates	455	455	23	|	202954	prok:g-proteobacteria	291	291	17	|	n/a	primary-div	prst:monads	84
contig_442	138465	61916,388,0,0,0,0,0	100377	|	Trichomonas tenax	43075	prst:monads	99546	80057	1979	|	56777	prst:monads	99546	35196	462	|	218144	prok:firmicutes	3315	3315	65	|	59747	anml:nematodes	329	329	21	|	n/a	primary-div	prst:monads	72
contig_443	27699	27607,92,0,0,0,0,0	0	|							|						|						|						|	n/a	repeat	none	0
contig_446	407991	75656,2118,1760,0,0,0,0	366077	|	Trichomonas tenax	43075	prst:monads	363897	346913	4140	|	56777	prst:monads	363897	183511	1102	|	1144522	prst:protists	13520	10108	223	|	135588	prst:protists	13520	8114	177	|	n/a	primary-div	prst:monads	89
contig_449	21608	21515,92,0,0,0,0,0	0	|							|						|						|						|	n/a	repeat	none	0
contig_45	65326	54258,0,0,0,0,0,0	22932	|	Trichomonas tenax	43075	prst:monads	22932	12932	804	|	56777	prst:monads	22932	6077	185	|						|						|	n/a	repeat	prst:monads	35
contig_49	1015183	464333,7301,680,0,0,0,0	706878	|	Trichomonas tenax	43075	prst:monads	691722	603281	4995	|	56777	prst:monads	691722	157901	1033	|	135588	prst:protists	11493	9324	148	|	1144522	prst:protists	11493	4212	127	|	n/a	primary-div	prst:monads	68
contig_54	44761	17056,89,0,0,0,0,0	27578	|	Trichomonas tenax	43075	prst:monads	26181	19092	901	|	56777	prst:monads	26181	13662	281	|	6579	anml:molluscs	1668	1668	48	|	2720891	prst:euglenoids	684	684	28	|	n/a	primary-div	prst:monads	58
contig_58	1087243	546340,3605,2780,0,0,0,0	700486	|	Trichomonas tenax	43075	prst:monads	683609	612637	5286	|	56777	prst:monads	683609	168455	1088	|	1144522	prst:protists	23596	17591	282	|	135588	prst:protists	23596	12186	205	|	n/a	primary-div	prst:monads	63
contig_60	441290	322460,1218,1580,0,0,0,0	210037	|	Trichomonas tenax	43075	prst:monads	204903	170518	2491	|	56777	prst:monads	204903	40619	505	|	1144522	prst:protists	5310	5147	125	|	135588	prst:protists	5310	1644	112	|	n/a	repeat	prst:monads	46
contig_67	193139	67280,291,0,0,0,0,0	152382	|	Trichomonas tenax	43075	prst:monads	151059	131216	2548	|	56777	prst:monads	151059	86329	729	|	1144522	prst:protists	6428	2991	106	|	135588	prst:protists	6428	4602	104	|	n/a	primary-div	prst:monads	78
contig_68	212869	78113,528,2360,0,0,0,0	161277	|	Trichomonas tenax	43075	prst:monads	153957	140273	2597	|	56777	prst:monads	153957	60622	633	|	135588	prst:protists	19142	17457	203	|	1144522	prst:protists	19142	4375	160	|	n/a	primary-div	prst:monads	72
contig_70	274755	96593,3156,0,0,0,0,0	191376	|	Trichomonas tenax	43075	prst:monads	188185	185134	3025	|	56777	prst:monads	188185	92863	774	|	1144522	prst:protists	1445	1417	71	|	37621	anml:worms	3058	3058	60	|	n/a	primary-div	prst:monads	68
contig_77	843902	411035,3198,0,0,0,0,0	647865	|	Trichomonas tenax	43075	prst:monads	643859	453100	4563	|	56777	prst:monads	643859	241380	1308	|	135588	prst:protists	14038	9612	129	|	370355	prst:protists	14038	4427	96	|	n/a	primary-div	prst:monads	76
contig_79	763031	392605,12675,620,0,0,0,0	468455	|	Trichomonas tenax	43075	prst:monads	451426	351286	4072	|	56777	prst:monads	451426	172521	1200	|	135588	prst:protists	40733	30657	282	|	1144522	prst:protists	40733	18570	247	|	n/a	primary-div	prst:monads	59
contig_80	1394153	631827,7304,1400,0,0,0,0	994993	|	Trichomonas tenax	43075	prst:monads	978818	850629	5992	|	56777	prst:monads	978818	263608	1298	|	1144522	prst:protists	39043	36492	316	|	135588	prst:protists	39043	9298	182	|	n/a	primary-div	prst:monads	70
contig_83	403358	197055,1224,920,0,0,0,0	283464	|	Trichomonas tenax	43075	prst:monads	278347	227042	3280	|	56777	prst:monads	278347	94497	747	|	64571	fung:fungi	2628	2607	78	|	1144522	prst:protists	1738	1220	62	|	n/a	primary-div	prst:monads	69
contig_84	781470	467662,16145,0,0,0,0,0	437263	|	Trichomonas tenax	43075	prst:monads	428239	385586	3919	|	56777	prst:monads	428239	103528	748	|	135588	prst:protists	5496	5496	100	|	6257	anml:nematodes	3376	3376	63	|	n/a	repeat	prst:monads	55
contig_85	366514	141014,2082,0,0,0,0,0	292673	|	Trichomonas tenax	43075	prst:monads	287777	239344	3450	|	56777	prst:monads	287777	149631	978	|	1144522	prst:protists	19341	18067	227	|	135588	prst:protists	19341	12018	160	|	n/a	primary-div	prst:monads	79
contig_88	345185	164790,619,0,0,0,0,0	214244	|	Trichomonas tenax	43075	prst:monads	209286	187833	2974	|	56777	prst:monads	209286	81673	685	|	1144522	prst:protists	3625	3625	103	|	7515	anml:insects	8558	4842	80	|	n/a	primary-div	prst:monads	61
contig_89	528074	313010,1237,100,0,0,0,0	282056	|	Trichomonas tenax	43075	prst:monads	273796	260881	3266	|	56777	prst:monads	273796	104441	767	|	642492	prok:firmicutes	4496	4496	74	|	135588	prst:protists	2594	2347	73	|	n/a	repeat	prst:monads	52
contig_90	620018	195641,5754,2560,0,0,0,0	484401	|	Trichomonas tenax	43075	prst:monads	476344	419817	4486	|	56777	prst:monads	476344	229914	1267	|	1144522	prst:protists	26222	18825	282	|	135588	prst:protists	26222	16089	227	|	n/a	primary-div	prst:monads	77
contig_92	924553	296863,2020,0,0,0,0,0	779061	|	Trichomonas tenax	43075	prst:monads	771646	710382	5683	|	56777	prst:monads	771646	298258	1404	|	135588	prst:protists	11705	11688	169	|	1034807	prok:CFB group bacteria	10079	5211	85	|	n/a	primary-div	prst:monads	83
contig_94	782799	424229,2749,740,0,0,0,0	528409	|	Trichomonas tenax	43075	prst:monads	518406	398271	4278	|	56777	prst:monads	518406	169572	986	|	135588	prst:protists	21827	14954	209	|	1144522	prst:protists	21827	12033	184	|	n/a	primary-div	prst:monads	66
contig_98	1224439	504380,4289,1740,0,0,0,0	953259	|	Trichomonas tenax	43075	prst:monads	942666	756398	6042	|	56777	prst:monads	942666	369658	1576	|	135588	prst:protists	25864	15243	199	|	1144522	prst:protists	25864	12532	197	|	n/a	primary-div	prst:monads	77
