contig	depth_x	length_bp	category
contig_276	17.41	287	very-low
contig_395	19.88	32836	very-low
contig_449	20.93	21740	very-low
contig_387	36.63	34782	haplotig-like
contig_392	41.44	53240	haplotig-like
contig_162	44.44	32680	haplotig-like
contig_177	44.89	36621	haplotig-like
contig_128	48.62	3280	haplotig-like
contig_423	48.83	24959	haplotig-like
contig_122	50.99	33237	haplotig-like
contig_398	51.79	9592	haplotig-like
contig_396	54.12	52556	haplotig-like
contig_338	55.75	23029	haplotig-like
contig_241	56.85	28346	haplotig-like
contig_447	57.57	43527	haplotig-like
contig_198	57.79	54869	haplotig-like
contig_445	58.7	32995	haplotig-like
contig_362	59.45	66109	haplotig-like
contig_415	59.45	40712	haplotig-like
contig_180	59.66	88574	haplotig-like
contig_373	59.8	128973	haplotig-like
contig_264	59.98	6743	haplotig-like
contig_66	62.29	34548	haplotig-like
contig_170	65.69	89880	haplotig-like
contig_370	65.99	37607	haplotig-like
contig_210	67.56	136664	haplotig-like
contig_193	68.95	26603	haplotig-like
contig_419	70.66	31388	haplotig-like
contig_411	70.88	34763	haplotig-like
contig_201	71.37	119981	haplotig-like
contig_124	72.95	30568	haplotig-like
contig_236	73.36	100565	haplotig-like
contig_296	75.52	356322	haplotig-like
contig_116	75.83	243545	haplotig-like
contig_301	76.13	43779	haplotig-like
contig_211	76.14	56918	haplotig-like
contig_374	76.88	67306	haplotig-like
contig_200	76.96	141959	primary-like
contig_440	77.06	127632	primary-like
contig_231	78.48	14551	primary-like
contig_422	78.74	30303	primary-like
contig_203	79.08	30762	primary-like
contig_217	79.76	184297	primary-like
contig_369	80.68	9671	primary-like
contig_158	80.77	249784	primary-like
contig_418	81.52	146798	primary-like
contig_195	82	374734	primary-like
contig_443	82.19	27061	primary-like
contig_18	82.81	720058	primary-like
contig_218	83.17	95155	primary-like
contig_190	83.71	125306	primary-like
contig_146	85.07	120940	primary-like
contig_243	85.33	217506	primary-like
contig_121	85.49	70805	primary-like
contig_60	85.74	441284	primary-like
contig_144	86.06	722357	primary-like
contig_430	86.97	296096	primary-like
contig_257	87.16	41401	primary-like
contig_134	87.66	205211	primary-like
contig_45	87.66	65328	primary-like
contig_140	87.86	353106	primary-like
contig_240	89.08	78800	primary-like
contig_342	89.47	10458	primary-like
contig_145	90.61	462037	primary-like
contig_54	91.69	44760	primary-like
contig_163	92.21	153189	primary-like
contig_108	92.47	437690	primary-like
contig_89	92.56	531068	primary-like
contig_278	93.1	452040	primary-like
contig_188	93.28	297505	primary-like
contig_388	93.41	269383	primary-like
contig_251	93.43	1217367	primary-like
contig_260	93.47	34627	primary-like
contig_44	93.67	484365	primary-like
contig_314	93.76	1069412	primary-like
contig_109	93.86	151514	primary-like
contig_237	93.92	890668	primary-like
contig_151	94.35	402819	primary-like
contig_305	95.65	500127	primary-like
contig_347	95.8	492428	primary-like
contig_32	95.81	1831	primary-like
contig_107	96.05	397847	primary-like
contig_143	96.26	39848	primary-like
contig_186	96.27	295171	primary-like
contig_39	96.62	258131	primary-like
contig_118	96.72	1001231	primary-like
contig_442	96.77	138464	primary-like
contig_138	96.95	758752	primary-like
contig_420	97.03	226673	primary-like
contig_320	97.12	364572	primary-like
contig_141	97.78	690262	primary-like
contig_84	97.79	781540	primary-like
contig_79	97.92	763093	primary-like
contig_20	98.29	530475	primary-like
contig_176	98.35	523858	primary-like
contig_58	98.53	1087232	primary-like
contig_111	98.78	229478	primary-like
contig_119	98.94	1760823	primary-like
contig_345	99.14	248045	primary-like
contig_88	99.31	345181	primary-like
contig_152	99.35	1194674	primary-like
contig_77	100.67	843893	primary-like
contig_175	101.62	366710	primary-like
contig_142	101.83	1502748	primary-like
contig_161	101.97	1242676	primary-like
contig_214	102.56	426296	primary-like
contig_256	102.6	509232	primary-like
contig_199	102.81	900005	primary-like
contig_391	102.84	88889	primary-like
contig_110	103.05	2797107	primary-like
contig_181	103.09	1028775	primary-like
contig_213	103.38	1599952	primary-like
contig_129	103.53	2012110	primary-like
contig_253	103.54	1140675	primary-like
contig_94	103.67	782846	primary-like
contig_282	103.87	162538	primary-like
contig_136	104.1	396224	primary-like
contig_366	104.13	76382	primary-like
contig_98	104.54	1224954	primary-like
contig_68	104.55	212865	primary-like
contig_182	104.6	602697	primary-like
contig_103	104.73	2473435	primary-like
contig_191	104.83	565772	primary-like
contig_139	104.91	608486	primary-like
contig_70	105.13	275944	primary-like
contig_297	105.15	284313	primary-like
contig_196	105.61	197184	primary-like
contig_83	105.85	403349	primary-like
contig_37	106.06	3767270	primary-like
contig_16	106.17	1768986	primary-like
contig_123	106.33	718333	primary-like
contig_164	106.51	141607	primary-like
contig_204	106.7	242859	primary-like
contig_49	106.81	1015206	primary-like
contig_206	107.1	656460	primary-like
contig_289	107.42	850496	primary-like
contig_85	107.7	366638	primary-like
contig_397	107.83	413793	primary-like
contig_235	107.88	403942	primary-like
contig_349	108.13	1062096	primary-like
contig_209	108.32	1005699	primary-like
contig_133	108.38	1005715	primary-like
contig_92	108.41	924532	primary-like
contig_215	108.75	355908	primary-like
contig_435	108.81	493565	primary-like
contig_266	108.87	333631	primary-like
contig_304	108.97	451008	primary-like
contig_197	109.11	1185059	primary-like
contig_168	109.18	1260265	primary-like
contig_178	109.54	335782	primary-like
contig_149	109.56	312357	primary-like
contig_192	109.79	302582	primary-like
contig_263	109.83	228618	primary-like
contig_150	109.9	800551	primary-like
contig_102	109.99	1373051	primary-like
contig_311	110.08	285012	primary-like
contig_106	110.15	2393434	primary-like
contig_80	110.44	1397690	primary-like
contig_219	110.5	799971	primary-like
contig_285	110.6	235676	primary-like
contig_24	110.75	940535	primary-like
contig_246	111.02	90738	primary-like
contig_421	111.41	136379	primary-like
contig_303	111.63	760225	primary-like
contig_315	111.88	363235	primary-like
contig_165	111.89	997608	primary-like
contig_441	112.14	73776	primary-like
contig_306	112.63	622196	primary-like
contig_234	113.23	909938	primary-like
contig_90	113.4	618861	primary-like
contig_100	113.46	2194334	primary-like
contig_207	113.9	2285141	primary-like
contig_137	113.93	836718	primary-like
contig_371	114.3	507289	primary-like
contig_154	114.33	2329827	primary-like
contig_429	114.42	78127	primary-like
contig_171	114.57	337990	primary-like
contig_179	114.94	894456	primary-like
contig_125	115.04	778040	primary-like
contig_132	115.09	260262	primary-like
contig_155	115.67	215532	primary-like
contig_381	115.89	136152	primary-like
contig_376	116.31	611886	primary-like
contig_153	116.33	443191	primary-like
contig_212	116.4	460900	primary-like
contig_258	116.82	233911	primary-like
contig_194	117.9	970301	primary-like
contig_446	118.24	407995	primary-like
contig_114	118.84	336863	primary-like
contig_222	119.01	482504	primary-like
contig_208	119.19	734218	primary-like
contig_67	120.47	192680	primary-like
contig_438	121.13	431220	primary-like
contig_202	121.75	1094986	primary-like
contig_293	123.54	147648	primary-like
contig_216	131.81	300225	primary-like
contig_265	132.74	121281	primary-like
contig_252	135.05	427438	primary-like
contig_357	143.5	190915	primary-like
contig_367	145.62	58451	primary-like
contig_205	145.78	139298	primary-like
contig_425	165.36	114784	>1.5C repeat-like
contig_262	172.75	11618	>1.5C repeat-like
contig_416	188.69	75900	>1.5C repeat-like
contig_187	189.32	96234	>1.5C repeat-like
contig_426	198.17	96952	>1.5C repeat-like
contig_348	237.89	12482	>2C collapsed-repeat
contig_157	243.92	107370	>2C collapsed-repeat
contig_360	247.64	18681	>2C collapsed-repeat
contig_160	422.06	370018	>2C collapsed-repeat
contig_310	487.85	18542	>2C collapsed-repeat
contig_365	563.27	49523	>2C collapsed-repeat
