metric	value	source
galba_gene_features	33725	dorado_polish_gpu1/galba_out/galba.gff3
galba_mrna_features	33845	dorado_polish_gpu1/galba_out/galba.gff3
predicted_protein_sequences	33845	dorado_polish_gpu1/Tt_predicted_proteins.aa.fasta
predicted_cds_sequences	33845	dorado_polish_gpu1/Tt_predicted_cds.nt.fasta
eggnog_annotated_proteins	19338	dorado_polish_gpu1/eggnogHit/annotated_ids.txt
eggnog_unannotated_proteins	14507	dorado_polish_gpu1/eggnogHit/unannotated_ids.txt
full_tv_blast_rows	34849	dorado_polish_gpu1/Tt_vs_Tv_annotation.txt
full_tv_blast_unique_ttenax_queries	33594	dorado_polish_gpu1/Tt_vs_Tv_annotation.txt
tv_rescue_rows_for_eggnog_unannotated	15047	dorado_polish_gpu1/eggnogHit/unannotated_vs_Tv_with_desc.txt
tv_rescue_unique_queries_for_eggnog_unannotated	14459	dorado_polish_gpu1/eggnogHit/unannotated_vs_Tv_with_desc.txt
interproscan_unique_proteins	27223	dorado_polish_gpu1/interproscan_results/Tt_predicted_proteins.aa.fasta.tsv
final_master_table_rows	33845	final_Tt/Tt_Comprehensive_Annotation_Table.tsv
final_table_go_terms	13251	final_Tt/Tt_Comprehensive_Annotation_Table.tsv
final_table_interpro_ids	19538	final_Tt/Tt_Comprehensive_Annotation_Table.tsv
final_table_kegg_pathways	7928	final_Tt/Tt_Comprehensive_Annotation_Table.tsv
unannotated_with_tv_rescue	14459	dorado_polish_gpu1/eggnogHit/unannotated_vs_Tv_with_desc.txt
unannotated_with_interproscan	10156	dorado_polish_gpu1/interproscan_results/Tt_predicted_proteins.aa.fasta.tsv
unannotated_with_tv_or_interproscan	14484	dorado_polish_gpu1/eggnogHit/unannotated_vs_Tv_with_desc.txt; dorado_polish_gpu1/interproscan_results/Tt_predicted_proteins.aa.fasta.tsv
unannotated_without_tv_or_interproscan	23	dorado_polish_gpu1/eggnogHit/unannotated_vs_Tv_with_desc.txt; dorado_polish_gpu1/interproscan_results/Tt_predicted_proteins.aa.fasta.tsv
tv_mapping_mrna_alignment_records	127253	final_Tt/Tt_alignmentTrichDBv68.gff
tv_mapping_unique_tv_targets	42983	final_Tt/Tt_alignmentTrichDBv68.gff
tv_mapping_reference_tv_proteins	72290	dorado_polish_gpu1/galba_out/prot_seq_all.fa
tv_mapping_high_identity_records_identity_ge_0p6	61196	final_Tt/Tt_alignmentTrichDBv68.gff
tv_mapping_high_identity_unique_tv_targets	20565	final_Tt/Tt_alignmentTrichDBv68.gff
