label	path	span_mb	n50_kb	contigs	selected
Full HQ	flye_hq/40-polishing/filtered_contigs.fasta.fai	77.611851	245.214	1572	FALSE
Full raw	flye_raw/40-polishing/filtered_contigs.fasta.fai	61.980456	169.834	2997	FALSE
asm60x HQ	flye_asm60x_hq/40-polishing/filtered_contigs.fasta.fai	96.906416	734.218	331	FALSE
asm60x raw	flye_asm60x_raw/40-polishing/filtered_contigs.fasta.fai	67.870274	214.097	834	FALSE
>=15 kb	flye_len15k/assembly.fasta	101.42889	924.532	212	TRUE
>=20 kb	flye_len20k/40-polishing/filtered_contigs.fasta.fai	102.059527	753.608	273	FALSE
Long-biased	flye_longbiased_8p22Gb_hq/40-polishing/filtered_contigs.fasta.fai	96.733227	732.908	320	FALSE
Structural backbone	flye_len15k/assembly.fasta	101.42889	924.532	212	FALSE
Haplotig-reduced draft	flye_len15k/assembly.no_haplotig.fasta	99.223629	940.535	178	FALSE
Archived single-round reference	final_ref/Ttenax.nohap.dorado_polished.fasta.fai	99.190277	939.46	178	FALSE
Polish round 1	dorado_polish_gpu1/draft.polish1.bs6.fasta.fai	99.198379	939.464	178	FALSE
Final annotation reference	dorado_polish_gpu1/draft.polish2.bs6.fasta.fai	99.19424	939.459	178	FALSE
