Contig_ID	Length_bp	Mean_depth_x	Depth_class	Status
contig_276	287	17.41	very-low	retained
contig_395	32836	19.88	very-low	retained
contig_449	21740	20.93	very-low	retained
contig_387	34782	36.63	haplotig-like	removed
contig_392	53240	41.44	haplotig-like	removed
contig_162	32680	44.44	haplotig-like	removed
contig_177	36621	44.89	haplotig-like	removed
contig_128	3280	48.62	haplotig-like	removed
contig_423	24959	48.83	haplotig-like	removed
contig_122	33237	50.99	haplotig-like	removed
contig_398	9592	51.79	haplotig-like	removed
contig_396	52556	54.12	haplotig-like	removed
contig_338	23029	55.75	haplotig-like	removed
contig_241	28346	56.85	haplotig-like	removed
contig_447	43527	57.57	haplotig-like	removed
contig_198	54869	57.79	haplotig-like	removed
contig_445	32995	58.7	haplotig-like	removed
contig_362	66109	59.45	haplotig-like	removed
contig_415	40712	59.45	haplotig-like	removed
contig_180	88574	59.66	haplotig-like	removed
contig_373	128973	59.8	haplotig-like	removed
contig_264	6743	59.98	haplotig-like	removed
contig_66	34548	62.29	haplotig-like	removed
contig_170	89880	65.69	haplotig-like	removed
contig_370	37607	65.99	haplotig-like	removed
contig_210	136664	67.56	haplotig-like	removed
contig_193	26603	68.95	haplotig-like	removed
contig_419	31388	70.66	haplotig-like	removed
contig_411	34763	70.88	haplotig-like	removed
contig_201	119981	71.37	haplotig-like	removed
contig_124	30568	72.95	haplotig-like	removed
contig_236	100565	73.36	haplotig-like	removed
contig_296	356322	75.52	haplotig-like	removed
contig_116	243545	75.83	haplotig-like	removed
contig_301	43779	76.13	haplotig-like	removed
contig_211	56918	76.14	haplotig-like	removed
contig_374	67306	76.88	haplotig-like	removed
contig_200	141959	76.96	primary-like	retained
contig_440	127632	77.06	primary-like	retained
contig_231	14551	78.48	primary-like	retained
contig_422	30303	78.74	primary-like	retained
contig_203	30762	79.08	primary-like	retained
contig_217	184297	79.76	primary-like	retained
contig_369	9671	80.68	primary-like	retained
contig_158	249784	80.77	primary-like	retained
contig_418	146798	81.52	primary-like	retained
contig_195	374734	82	primary-like	retained
contig_443	27061	82.19	primary-like	retained
contig_18	720058	82.81	primary-like	retained
contig_218	95155	83.17	primary-like	retained
contig_190	125306	83.71	primary-like	retained
contig_146	120940	85.07	primary-like	retained
contig_243	217506	85.33	primary-like	retained
contig_121	70805	85.49	primary-like	retained
contig_60	441284	85.74	primary-like	retained
contig_144	722357	86.06	primary-like	retained
contig_430	296096	86.97	primary-like	retained
contig_257	41401	87.16	primary-like	retained
contig_134	205211	87.66	primary-like	retained
contig_45	65328	87.66	primary-like	retained
contig_140	353106	87.86	primary-like	retained
contig_240	78800	89.08	primary-like	retained
contig_342	10458	89.47	primary-like	retained
contig_145	462037	90.61	primary-like	retained
contig_54	44760	91.69	primary-like	retained
contig_163	153189	92.21	primary-like	retained
contig_108	437690	92.47	primary-like	retained
contig_89	531068	92.56	primary-like	retained
contig_278	452040	93.1	primary-like	retained
contig_188	297505	93.28	primary-like	retained
contig_388	269383	93.41	primary-like	retained
contig_251	1217367	93.43	primary-like	retained
contig_260	34627	93.47	primary-like	retained
contig_44	484365	93.67	primary-like	retained
contig_314	1069412	93.76	primary-like	retained
contig_109	151514	93.86	primary-like	retained
contig_237	890668	93.92	primary-like	retained
contig_151	402819	94.35	primary-like	retained
contig_305	500127	95.65	primary-like	retained
contig_347	492428	95.8	primary-like	retained
contig_32	1831	95.81	primary-like	retained
contig_107	397847	96.05	primary-like	retained
contig_143	39848	96.26	primary-like	retained
contig_186	295171	96.27	primary-like	retained
contig_39	258131	96.62	primary-like	retained
contig_118	1001231	96.72	primary-like	retained
contig_442	138464	96.77	primary-like	retained
contig_138	758752	96.95	primary-like	retained
contig_420	226673	97.03	primary-like	retained
contig_320	364572	97.12	primary-like	retained
contig_141	690262	97.78	primary-like	retained
contig_84	781540	97.79	primary-like	retained
contig_79	763093	97.92	primary-like	retained
contig_20	530475	98.29	primary-like	retained
contig_176	523858	98.35	primary-like	retained
contig_58	1087232	98.53	primary-like	retained
contig_111	229478	98.78	primary-like	retained
contig_119	1760823	98.94	primary-like	retained
contig_345	248045	99.14	primary-like	retained
contig_88	345181	99.31	primary-like	retained
contig_152	1194674	99.35	primary-like	retained
contig_77	843893	100.67	primary-like	retained
contig_175	366710	101.62	primary-like	retained
contig_142	1502748	101.83	primary-like	retained
contig_161	1242676	101.97	primary-like	retained
contig_214	426296	102.56	primary-like	retained
contig_256	509232	102.6	primary-like	retained
contig_199	900005	102.81	primary-like	retained
contig_391	88889	102.84	primary-like	retained
contig_110	2797107	103.05	primary-like	retained
contig_181	1028775	103.09	primary-like	retained
contig_213	1599952	103.38	primary-like	retained
contig_129	2012110	103.53	primary-like	retained
contig_253	1140675	103.54	primary-like	retained
contig_94	782846	103.67	primary-like	retained
contig_282	162538	103.87	primary-like	retained
contig_136	396224	104.1	primary-like	retained
contig_366	76382	104.13	primary-like	retained
contig_98	1224954	104.54	primary-like	retained
contig_68	212865	104.55	primary-like	retained
contig_182	602697	104.6	primary-like	retained
contig_103	2473435	104.73	primary-like	retained
contig_191	565772	104.83	primary-like	retained
contig_139	608486	104.91	primary-like	retained
contig_70	275944	105.13	primary-like	retained
contig_297	284313	105.15	primary-like	retained
contig_196	197184	105.61	primary-like	retained
contig_83	403349	105.85	primary-like	retained
contig_37	3767270	106.06	primary-like	retained
contig_16	1768986	106.17	primary-like	retained
contig_123	718333	106.33	primary-like	retained
contig_164	141607	106.51	primary-like	retained
contig_204	242859	106.7	primary-like	retained
contig_49	1015206	106.81	primary-like	retained
contig_206	656460	107.1	primary-like	retained
contig_289	850496	107.42	primary-like	retained
contig_85	366638	107.7	primary-like	retained
contig_397	413793	107.83	primary-like	retained
contig_235	403942	107.88	primary-like	retained
contig_349	1062096	108.13	primary-like	retained
contig_209	1005699	108.32	primary-like	retained
contig_133	1005715	108.38	primary-like	retained
contig_92	924532	108.41	primary-like	retained
contig_215	355908	108.75	primary-like	retained
contig_435	493565	108.81	primary-like	retained
contig_266	333631	108.87	primary-like	retained
contig_304	451008	108.97	primary-like	retained
contig_197	1185059	109.11	primary-like	retained
contig_168	1260265	109.18	primary-like	retained
contig_178	335782	109.54	primary-like	retained
contig_149	312357	109.56	primary-like	retained
contig_192	302582	109.79	primary-like	retained
contig_263	228618	109.83	primary-like	retained
contig_150	800551	109.9	primary-like	retained
contig_102	1373051	109.99	primary-like	retained
contig_311	285012	110.08	primary-like	retained
contig_106	2393434	110.15	primary-like	retained
contig_80	1397690	110.44	primary-like	retained
contig_219	799971	110.5	primary-like	retained
contig_285	235676	110.6	primary-like	retained
contig_24	940535	110.75	primary-like	retained
contig_246	90738	111.02	primary-like	retained
contig_421	136379	111.41	primary-like	retained
contig_303	760225	111.63	primary-like	retained
contig_315	363235	111.88	primary-like	retained
contig_165	997608	111.89	primary-like	retained
contig_441	73776	112.14	primary-like	retained
contig_306	622196	112.63	primary-like	retained
contig_234	909938	113.23	primary-like	retained
contig_90	618861	113.4	primary-like	retained
contig_100	2194334	113.46	primary-like	retained
contig_207	2285141	113.9	primary-like	retained
contig_137	836718	113.93	primary-like	retained
contig_371	507289	114.3	primary-like	retained
contig_154	2329827	114.33	primary-like	retained
contig_429	78127	114.42	primary-like	retained
contig_171	337990	114.57	primary-like	retained
contig_179	894456	114.94	primary-like	retained
contig_125	778040	115.04	primary-like	retained
contig_132	260262	115.09	primary-like	retained
contig_155	215532	115.67	primary-like	retained
contig_381	136152	115.89	primary-like	retained
contig_376	611886	116.31	primary-like	retained
contig_153	443191	116.33	primary-like	retained
contig_212	460900	116.4	primary-like	retained
contig_258	233911	116.82	primary-like	retained
contig_194	970301	117.9	primary-like	retained
contig_446	407995	118.24	primary-like	retained
contig_114	336863	118.84	primary-like	retained
contig_222	482504	119.01	primary-like	retained
contig_208	734218	119.19	primary-like	retained
contig_67	192680	120.47	primary-like	retained
contig_438	431220	121.13	primary-like	retained
contig_202	1094986	121.75	primary-like	retained
contig_293	147648	123.54	primary-like	retained
contig_216	300225	131.81	primary-like	retained
contig_265	121281	132.74	primary-like	retained
contig_252	427438	135.05	primary-like	retained
contig_357	190915	143.5	primary-like	retained
contig_367	58451	145.62	primary-like	retained
contig_205	139298	145.78	primary-like	retained
contig_425	114784	165.36	>1.5C repeat-like	retained
contig_262	11618	172.75	>1.5C repeat-like	retained
contig_416	75900	188.69	>1.5C repeat-like	retained
contig_187	96234	189.32	>1.5C repeat-like	retained
contig_426	96952	198.17	>1.5C repeat-like	retained
contig_348	12482	237.89	>2C collapsed-repeat	retained
contig_157	107370	243.92	>2C collapsed-repeat	retained
contig_360	18681	247.64	>2C collapsed-repeat	retained
contig_160	370018	422.06	>2C collapsed-repeat	retained
contig_310	18542	487.85	>2C collapsed-repeat	retained
contig_365	49523	563.27	>2C collapsed-repeat	retained
