Internal_contig_ID	GenBank_contig_accession	Length_bp
contig_100	JCCIQK010000001.1	2194072
contig_102	JCCIQK010000002.1	1372907
contig_103	JCCIQK010000003.1	2475868
contig_106	JCCIQK010000004.1	2392315
contig_107	JCCIQK010000005.1	397952
contig_108	JCCIQK010000006.1	437150
contig_109	JCCIQK010000007.1	151514
contig_110	JCCIQK010000008.1	2797686
contig_111	JCCIQK010000009.1	229456
contig_114	JCCIQK010000010.1	336866
contig_118	JCCIQK010000011.1	1000123
contig_119	JCCIQK010000012.1	1760773
contig_121	JCCIQK010000013.1	69164
contig_123	JCCIQK010000014.1	715770
contig_125	JCCIQK010000015.1	777917
contig_129	JCCIQK010000016.1	2012023
contig_132	JCCIQK010000017.1	260725
contig_133	JCCIQK010000018.1	1005834
contig_134	JCCIQK010000019.1	205211
contig_136	JCCIQK010000020.1	396197
contig_137	JCCIQK010000021.1	832603
contig_138	JCCIQK010000022.1	758785
contig_139	JCCIQK010000023.1	608201
contig_140	JCCIQK010000024.1	352481
contig_141	JCCIQK010000025.1	690209
contig_142	JCCIQK010000026.1	1502762
contig_143	JCCIQK010000027.1	39850
contig_144	JCCIQK010000028.1	722910
contig_145	JCCIQK010000029.1	462021
contig_146	JCCIQK010000030.1	120877
contig_149	JCCIQK010000031.1	312280
contig_150	JCCIQK010000032.1	800371
contig_151	JCCIQK010000033.1	402815
contig_152	JCCIQK010000034.1	1190628
contig_153	JCCIQK010000035.1	443163
contig_154	JCCIQK010000036.1	2329505
contig_155	JCCIQK010000037.1	215536
contig_157	JCCIQK010000038.1	107176
contig_158	JCCIQK010000039.1	249782
contig_16	JCCIQK010000040.1	1768251
contig_160	JCCIQK010000041.1	370000
contig_161	JCCIQK010000042.1	1242561
contig_163	JCCIQK010000043.1	153234
contig_164	JCCIQK010000044.1	141556
contig_165	JCCIQK010000045.1	997570
contig_168	JCCIQK010000046.1	1260267
contig_171	JCCIQK010000047.1	337832
contig_175	JCCIQK010000048.1	366722
contig_176	JCCIQK010000049.1	523860
contig_178	JCCIQK010000050.1	335247
contig_179	JCCIQK010000051.1	894459
contig_18	JCCIQK010000052.1	719978
contig_181	JCCIQK010000053.1	1028789
contig_182	JCCIQK010000054.1	599979
contig_186	JCCIQK010000055.1	295147
contig_187	JCCIQK010000056.1	96422
contig_188	JCCIQK010000057.1	297498
contig_190	JCCIQK010000058.1	125305
contig_191	JCCIQK010000059.1	565776
contig_192	JCCIQK010000060.1	301977
contig_194	JCCIQK010000061.1	970327
contig_195	JCCIQK010000062.1	374735
contig_196	JCCIQK010000063.1	196992
contig_197	JCCIQK010000064.1	1184297
contig_199	JCCIQK010000065.1	900049
contig_20	JCCIQK010000066.1	528850
contig_200	JCCIQK010000067.1	141971
contig_202	JCCIQK010000068.1	1094987
contig_203	JCCIQK010000069.1	30762
contig_204	JCCIQK010000070.1	242869
contig_205	JCCIQK010000071.1	138732
contig_206	JCCIQK010000072.1	656455
contig_207	JCCIQK010000073.1	2284947
contig_208	JCCIQK010000074.1	734231
contig_209	JCCIQK010000075.1	1005705
contig_212	JCCIQK010000076.1	463902
contig_213	JCCIQK010000077.1	1600515
contig_214	JCCIQK010000078.1	425739
contig_215	JCCIQK010000079.1	355919
contig_216	JCCIQK010000080.1	300240
contig_217	JCCIQK010000081.1	184154
contig_218	JCCIQK010000082.1	95163
contig_219	JCCIQK010000083.1	798786
contig_222	JCCIQK010000084.1	482511
contig_231	JCCIQK010000085.1	14551
contig_234	JCCIQK010000086.1	909589
contig_235	JCCIQK010000087.1	403942
contig_237	JCCIQK010000088.1	890713
contig_24	JCCIQK010000089.1	939459
contig_240	JCCIQK010000090.1	78586
contig_243	JCCIQK010000091.1	217680
contig_246	JCCIQK010000092.1	90734
contig_251	JCCIQK010000093.1	1217364
contig_252	JCCIQK010000094.1	427442
contig_253	JCCIQK010000095.1	1140467
contig_256	JCCIQK010000096.1	509229
contig_257	JCCIQK010000097.1	41400
contig_258	JCCIQK010000098.1	233923
contig_260	JCCIQK010000099.1	34620
contig_262	JCCIQK010000100.1	11620
contig_263	JCCIQK010000101.1	228605
contig_265	JCCIQK010000102.1	121247
contig_266	JCCIQK010000103.1	333635
contig_276	JCCIQK010000104.1	257
contig_278	JCCIQK010000105.1	452041
contig_282	JCCIQK010000106.1	162540
contig_285	JCCIQK010000107.1	235688
contig_289	JCCIQK010000108.1	850553
contig_293	JCCIQK010000109.1	147654
contig_297	JCCIQK010000110.1	284644
contig_303	JCCIQK010000111.1	760157
contig_304	JCCIQK010000112.1	449325
contig_305	JCCIQK010000113.1	500223
contig_306	JCCIQK010000114.1	622192
contig_310	JCCIQK010000115.1	18539
contig_311	JCCIQK010000116.1	284908
contig_314	JCCIQK010000117.1	1070533
contig_315	JCCIQK010000118.1	363023
contig_32	JCCIQK010000119.1	1831
contig_320	JCCIQK010000120.1	364579
contig_342	JCCIQK010000121.1	10352
contig_345	JCCIQK010000122.1	246946
contig_347	JCCIQK010000123.1	490842
contig_348	JCCIQK010000124.1	12486
contig_349	JCCIQK010000125.1	1061972
contig_357	JCCIQK010000126.1	190849
contig_360	JCCIQK010000127.1	18491
contig_365	JCCIQK010000128.1	49524
contig_366	JCCIQK010000129.1	76559
contig_367	JCCIQK010000130.1	58457
contig_369	JCCIQK010000131.1	9133
contig_37	JCCIQK010000132.1	3767351
contig_371	JCCIQK010000133.1	507360
contig_376	JCCIQK010000134.1	611825
contig_381	JCCIQK010000135.1	136154
contig_388	JCCIQK010000136.1	269389
contig_39	JCCIQK010000137.1	258139
contig_391	JCCIQK010000138.1	88887
contig_395	JCCIQK010000139.1	27765
contig_397	JCCIQK010000140.1	414585
contig_416	JCCIQK010000141.1	75901
contig_418	JCCIQK010000142.1	153729
contig_420	JCCIQK010000143.1	226679
contig_421	JCCIQK010000144.1	136369
contig_422	JCCIQK010000145.1	30303
contig_425	JCCIQK010000146.1	114769
contig_426	JCCIQK010000147.1	96956
contig_429	JCCIQK010000148.1	78132
contig_430	JCCIQK010000149.1	296105
contig_435	JCCIQK010000150.1	493240
contig_438	JCCIQK010000151.1	431240
contig_44	JCCIQK010000152.1	484363
contig_440	JCCIQK010000153.1	127634
contig_441	JCCIQK010000154.1	73690
contig_442	JCCIQK010000155.1	138465
contig_443	JCCIQK010000156.1	27699
contig_446	JCCIQK010000157.1	407991
contig_449	JCCIQK010000158.1	21608
contig_45	JCCIQK010000159.1	65326
contig_49	JCCIQK010000160.1	1015183
contig_54	JCCIQK010000161.1	44761
contig_58	JCCIQK010000162.1	1087243
contig_60	JCCIQK010000163.1	441290
contig_67	JCCIQK010000164.1	193139
contig_68	JCCIQK010000165.1	212869
contig_70	JCCIQK010000166.1	274755
contig_77	JCCIQK010000167.1	843902
contig_79	JCCIQK010000168.1	763031
contig_80	JCCIQK010000169.1	1394153
contig_83	JCCIQK010000170.1	403358
contig_84	JCCIQK010000171.1	781470
contig_85	JCCIQK010000172.1	366514
contig_88	JCCIQK010000173.1	345185
contig_89	JCCIQK010000174.1	528074
contig_90	JCCIQK010000175.1	620018
contig_92	JCCIQK010000176.1	924553
contig_94	JCCIQK010000177.1	782799
contig_98	JCCIQK010000178.1	1224439
