gene_id	transcript_id	intron_id	seqid	start	end	strand	star_unique_reads	star_multimap_reads	star_total_reads	star_annotated_junction	star_min5_support
AC16WH_008912	AC16WH_008912.t1	AC16WH_008912.t1.intron1	contig_144	281899	281968	+	20	0	20	1	yes
AC16WH_009418	AC16WH_009418.t1	AC16WH_009418.t1.intron1	contig_150	219143	219190	+	27	0	27	1	yes
AC16WH_011847	AC16WH_011847.t1	AC16WH_011847.t1.intron1	contig_16	1594254	1594859	-	0	2	2	1	no
AC16WH_013068	AC16WH_013068.t1	AC16WH_013068.t1.intron1	contig_168	486668	486716	-	0	1	1	1	no
AC16WH_001342	AC16WH_001342.t1	AC16WH_001342.t1.intron1	contig_103	15779	15857	-	1	0	1	1	no
AC16WH_013691	AC16WH_013691.t1	AC16WH_013691.t1.intron1	contig_176	247016	247486	+	32	0	32	1	yes
AC16WH_014910	AC16WH_014910.t1	AC16WH_014910.t1.intron1	contig_182	454654	454720	-	13	0	13	1	yes
AC16WH_015749	AC16WH_015749.t1	AC16WH_015749.t1.intron1	contig_194	634975	635031	-	0	1	1	1	no
AC16WH_016241	AC16WH_016241.t1	AC16WH_016241.t1.intron35	contig_197	664057	664944	-	0	1	1	1	no
AC16WH_016356	AC16WH_016356.t1	AC16WH_016356.t1.intron1	contig_197	1081164	1081217	-	5	0	5	1	yes
AC16WH_017772	AC16WH_017772.t1	AC16WH_017772.t1.intron1	contig_207	316362	316447	+	20	0	20	1	yes
AC16WH_017999	AC16WH_017999.t1	AC16WH_017999.t1.intron1	contig_207	927972	928045	+	161	0	161	1	yes
AC16WH_018011	AC16WH_018011.t1	AC16WH_018011.t1.intron1	contig_207	972691	972810	-	206	0	206	1	yes
AC16WH_018521	AC16WH_018521.t1	AC16WH_018521.t1.intron1	contig_208	95492	95530	+	3	0	3	1	no
AC16WH_018654	AC16WH_018654.t1	AC16WH_018654.t1.intron1	contig_208	453415	453779	+	0	1	1	1	no
AC16WH_019319	AC16WH_019319.t1	AC16WH_019319.t1.intron1	contig_213	269035	269119	+	1726	0	1726	1	yes
AC16WH_020805	AC16WH_020805.t1	AC16WH_020805.t1.intron1	contig_234	682223	682335	-	3	0	3	1	no
AC16WH_021259	AC16WH_021259.t1	AC16WH_021259.t1.intron2	contig_237	652216	653528	-	0	1	1	1	no
AC16WH_021676	AC16WH_021676.t1	AC16WH_021676.t1.intron1	contig_24	887176	887281	-	168	0	168	1	yes
AC16WH_021768	AC16WH_021768.t1	AC16WH_021768.t1.intron1	contig_243	147689	147782	+	101	0	101	1	yes
AC16WH_002270	AC16WH_002270.t1	AC16WH_002270.t1.intron2	contig_106	142214	142261	+	0	5	5	1	yes
AC16WH_002270	AC16WH_002270.t1	AC16WH_002270.t1.intron3	contig_106	142325	142372	+	0	2	2	1	no
AC16WH_002270	AC16WH_002270.t1	AC16WH_002270.t1.intron4	contig_106	142436	142991	+	1	1	2	1	no
AC16WH_002286	AC16WH_002286.t1	AC16WH_002286.t1.intron1	contig_106	205846	205950	-	1	0	1	1	no
AC16WH_023274	AC16WH_023274.t1	AC16WH_023274.t1.intron1	contig_266	150596	150701	-	5	0	5	1	yes
AC16WH_023628	AC16WH_023628.t1	AC16WH_023628.t1.intron2	contig_289	118779	120908	-	4	1	5	1	yes
AC16WH_024909	AC16WH_024909.t1	AC16WH_024909.t1.intron1	contig_311	75151	76492	+	2	0	2	1	no
AC16WH_025712	AC16WH_025712.t1	AC16WH_025712.t1.intron3	contig_347	58660	58770	-	0	1	1	1	no
AC16WH_002606	AC16WH_002606.t1	AC16WH_002606.t1.intron1	contig_106	1190006	1190079	-	1	0	1	1	no
AC16WH_025971	AC16WH_025971.t1	AC16WH_025971.t1.intron1	contig_349	346246	346340	-	4	0	4	1	no
AC16WH_026236	AC16WH_026236.t1	AC16WH_026236.t1.intron1	contig_357	13111	13169	-	53	0	53	1	yes
AC16WH_028571	AC16WH_028571.t1	AC16WH_028571.t1.intron1	contig_421	90017	90232	-	2	0	2	1	no
AC16WH_030194	AC16WH_030194.t1	AC16WH_030194.t1.intron1	contig_58	870227	870355	+	2	0	2	1	no
AC16WH_030618	AC16WH_030618.t1	AC16WH_030618.t1.intron1	contig_70	184490	184810	+	0	1	1	1	no
AC16WH_032077	AC16WH_032077.t1	AC16WH_032077.t1.intron2	contig_84	708126	708173	+	0	3	3	1	no
AC16WH_032623	AC16WH_032623.t1	AC16WH_032623.t1.intron1	contig_90	310725	310826	-	60	0	60	1	yes
AC16WH_033422	AC16WH_033422.t1	AC16WH_033422.t1.intron1	contig_98	389114	389198	+	24	0	24	1	yes
AC16WH_004317	AC16WH_004317.t1	AC16WH_004317.t1.intron1	contig_111	153121	153267	-	3	0	3	1	no
AC16WH_000457	AC16WH_000457.t1	AC16WH_000457.t1.intron1	contig_100	1162615	1162687	+	6	0	6	1	yes
AC16WH_000534	AC16WH_000534.t1	AC16WH_000534.t1.intron1	contig_100	1353326	1353409	+	57	0	57	1	yes
AC16WH_007080	AC16WH_007080.t1	AC16WH_007080.t1.intron1	contig_136	6250	6320	+	17	0	17	1	yes
AC16WH_007685	AC16WH_007685.t1	AC16WH_007685.t1.intron1	contig_138	566595	566671	+	57	1	58	1	yes
AC16WH_008558	AC16WH_008558.t1	AC16WH_008558.t1.intron1	contig_142	811904	812038	+	78	0	78	1	yes
AC16WH_008811	AC16WH_008811.t1	AC16WH_008811.t1.intron1	contig_143	28169	28244	+	20	0	20	1	yes
