Plot_script	Input_relative_path	Purpose
plot_figure1_workflow.R	flye_len15k/assembly.fasta	Structural-backbone summary
plot_figure2_assembly_strategy.R	dorado_polish_gpu1/draft.polish1.bs6.fasta.fai	First-round polished assembly metrics
plot_figure2_assembly_strategy.R	dorado_polish_gpu1/draft.polish2.bs6.fasta.fai	Second-round polished assembly metrics
plot_figure2_assembly_strategy.R	flye_len15k/assembly.fasta	Structural-backbone assembly metrics
plot_figure2_assembly_strategy.R	flye_len15k/assembly.no_haplotig.fasta	Haplotig-reduced assembly metrics
plot_figure3_depth_validation.R	dorado_polish_gpu1/draft.polish2.bs6.fasta.fai	Final reference contig lengths
plot_figure3_depth_validation.R	flye_len15k/assembly.fasta	Structural-backbone contigs
plot_figure3_depth_validation.R	flye_len15k/assembly.no_haplotig.fasta	Haplotig-reduced contigs
plot_figure4_annotation_completeness.R	dorado_polish_gpu1/Tt_predicted_cds.nt.fasta	Predicted coding sequences
plot_figure4_annotation_completeness.R	dorado_polish_gpu1/Tt_predicted_proteins.aa.fasta	Predicted proteins
plot_figure4_annotation_completeness.R	dorado_polish_gpu1/Tt_vs_Tv_annotation.txt	Trichomonas vaginalis homology annotations
plot_figure4_annotation_completeness.R	dorado_polish_gpu1/busco_odb12_p2/short_summary.specific.eukaryota_odb12.busco_odb12_p2.txt	Miniprot BUSCO summary
plot_figure4_annotation_completeness.R	dorado_polish_gpu1/busco_odb12_p2_metaeuk/short_summary.specific.eukaryota_odb12.busco_odb12_p2_metaeuk.txt	MetaEuk BUSCO summary
plot_figure4_annotation_completeness.R	dorado_polish_gpu1/eggnogHit/all_ids.txt	All protein identifiers evaluated by EggNOG-mapper
plot_figure4_annotation_completeness.R	dorado_polish_gpu1/eggnogHit/annotated_ids.txt	EggNOG-annotated protein identifiers
plot_figure4_annotation_completeness.R	dorado_polish_gpu1/eggnogHit/unannotated_ids.txt	EggNOG-unannotated protein identifiers
plot_figure4_annotation_completeness.R	dorado_polish_gpu1/eggnogHit/unannotated_vs_Tv_with_desc.txt	Lineage-aware rescue annotations
plot_figure4_annotation_completeness.R	dorado_polish_gpu1/galba_out/galba.gff3	GALBA structural annotation
plot_figure4_annotation_completeness.R	dorado_polish_gpu1/galba_out/prot_seq_all.fa	GALBA predicted proteins
plot_figure4_annotation_completeness.R	dorado_polish_gpu1/interproscan_results/Tt_predicted_proteins.aa.fasta.tsv	InterProScan domain annotations
plot_figure4_annotation_completeness.R	final_Tt/Tt_Comprehensive_Annotation_Table.tsv	Integrated functional annotation table
plot_figure4_annotation_completeness.R	final_Tt/Tt_alignmentTrichDBv68.gff	Lineage-aware genome mapping
plot_figure5_family_comparison.R	dorado_polish_gpu1/Tt_vs_Tv_annotation.txt	Trichomonas vaginalis homology annotations
plot_figure5_family_comparison.R	dorado_polish_gpu1/eggnogHit/unannotated_vs_Tv_with_desc.txt	Lineage-aware rescue annotations
plot_figure5_family_comparison.R	dorado_polish_gpu1/interproscan_results/Tt_predicted_proteins.aa.fasta.tsv	InterProScan family and signal-peptide annotations
plot_figure6_multiomics_support.R	Express/multiomics_gene_evidence_matrix.tsv	Gene-level RNA and proteomics evidence
plot_figure6_multiomics_support.R	Express/proteomics_gene_level.tsv	Gene-level proteomics evidence
